Series Name,Series Code,Country Name,Country Code,2007 [YR2007],2008 [YR2008],2009 [YR2009],2010 [YR2010],2011 [YR2011],2012 [YR2012],2013 [YR2013],2014 [YR2014],2015 [YR2015],2016 [YR2016],2017 [YR2017],2018 [YR2018],2019 [YR2019],2020 [YR2020]
GDP (current LCU),NY.GDP.MKTP.CN,Austria,AUT,2.84E+11,2.94E+11,2.88E+11,2.96E+11,3.10E+11,3.19E+11,3.24E+11,3.33E+11,3.44E+11,3.57E+11,3.70E+11,3.86E+11,3.99E+11,..
GDP (current LCU),NY.GDP.MKTP.CN,Belgium,BEL,3.44E+11,3.52E+11,3.46E+11,3.63E+11,3.76E+11,3.86E+11,3.93E+11,4.03E+11,4.17E+11,4.30E+11,4.46E+11,4.60E+11,4.73E+11,..
GDP (current LCU),NY.GDP.MKTP.CN,Bulgaria,BGR,63454890000,72790342000,73147248000,74406713000,80681918000,82209022000,81919394000,83857173000,89332814000,95091969000,1.02E+11,1.10E+11,1.19E+11,..
GDP (current LCU),NY.GDP.MKTP.CN,Cyprus,CYP,17511579000,19009576000,18675493000,19409974000,19803033000,19440777000,17994967000,17408532000,17826948000,18872872000,20039696000,21137818000,21943600000,..
GDP (current LCU),NY.GDP.MKTP.CN,Czechia,CZE,3.84E+12,4.02E+12,3.93E+12,3.96E+12,4.03E+12,4.06E+12,4.10E+12,4.31E+12,4.60E+12,4.77E+12,5.05E+12,5.32E+12,5.65E+12,..
GDP (current LCU),NY.GDP.MKTP.CN,Germany,DEU,2.50E+12,2.55E+12,2.45E+12,2.56E+12,2.69E+12,2.75E+12,2.81E+12,2.93E+12,3.03E+12,3.13E+12,3.24E+12,3.34E+12,3.44E+12,..
GDP (current LCU),NY.GDP.MKTP.CN,Denmark,DNK,1.74E+12,1.80E+12,1.72E+12,1.81E+12,1.85E+12,1.90E+12,1.93E+12,1.98E+12,2.04E+12,2.11E+12,2.18E+12,2.25E+12,2.32E+12,..
GDP (current LCU),NY.GDP.MKTP.CN,Greece,GRC,2.33E+11,2.42E+11,2.38E+11,2.26E+11,2.07E+11,1.91E+11,1.81E+11,1.79E+11,1.77E+11,1.76E+11,1.80E+11,1.85E+11,1.87E+11,..
GDP (current LCU),NY.GDP.MKTP.CN,Spain,ESP,1.08E+12,1.11E+12,1.07E+12,1.07E+12,1.06E+12,1.03E+12,1.02E+12,1.03E+12,1.08E+12,1.11E+12,1.16E+12,1.20E+12,1.25E+12,..
GDP (current LCU),NY.GDP.MKTP.CN,Finland,FIN,1.87E+11,1.94E+11,1.82E+11,1.88E+11,1.98E+11,2.01E+11,2.04E+11,2.07E+11,2.11E+11,2.18E+11,2.26E+11,2.34E+11,2.40E+11,..
GDP (current LCU),NY.GDP.MKTP.CN,France,FRA,1.94E+12,1.99E+12,1.94E+12,2.00E+12,2.06E+12,2.09E+12,2.12E+12,2.15E+12,2.20E+12,2.23E+12,2.30E+12,2.36E+12,2.43E+12,..
GDP (current LCU),NY.GDP.MKTP.CN,Croatia,HRV,3.23E+11,3.47E+11,3.31E+11,3.29E+11,3.33E+11,3.31E+11,3.31E+11,3.31E+11,3.40E+11,3.51E+11,3.66E+11,3.83E+11,4.00E+11,..
GDP (current LCU),NY.GDP.MKTP.CN,Hungary,HUN,2.57E+13,2.72E+13,2.65E+13,2.73E+13,2.84E+13,2.88E+13,3.03E+13,3.27E+13,3.48E+13,3.59E+13,3.88E+13,4.27E+13,4.68E+13,..
GDP (current LCU),NY.GDP.MKTP.CN,Ireland,IRL,1.97E+11,1.88E+11,1.70E+11,1.68E+11,1.71E+11,1.75E+11,1.80E+11,1.95E+11,2.63E+11,2.72E+11,2.97E+11,3.24E+11,3.47E+11,..
GDP (current LCU),NY.GDP.MKTP.CN,Italy,ITA,1.61E+12,1.64E+12,1.58E+12,1.61E+12,1.65E+12,1.62E+12,1.61E+12,1.63E+12,1.66E+12,1.70E+12,1.74E+12,1.77E+12,1.79E+12,..
GDP (current LCU),NY.GDP.MKTP.CN,Lithuania,LTU,29040662000,32696281600,26934820500,27955326700,31233730000,33331658500,34984990200,36544762400,37321825300,38893374400,42269366900,45264376900,48432827300,..
GDP (current LCU),NY.GDP.MKTP.CN,Luxembourg,LUX,37178871000,38128581000,36976517000,40177812000,43164646000,44112095000,46499560000,49824506000,52065808000,54867233000,56814211000,60053082000,63516336000,..
GDP (current LCU),NY.GDP.MKTP.CN,Latvia,LVA,22589514000,24393637000,18884898000,17967139000,20319305000,21925163000,22803013000,23654166000,24425959000,25072637000,26797833000,29056050000,30476087000,..
GDP (current LCU),NY.GDP.MKTP.CN,Netherlands,NLD,6.19E+11,6.47E+11,6.25E+11,6.39E+11,6.50E+11,6.53E+11,6.60E+11,6.72E+11,6.90E+11,7.08E+11,7.38E+11,7.74E+11,8.12E+11,..
GDP (current LCU),NY.GDP.MKTP.CN,Portugal,PRT,1.75E+11,1.79E+11,1.75E+11,1.80E+11,1.76E+11,1.68E+11,1.70E+11,1.73E+11,1.80E+11,1.86E+11,1.96E+11,2.04E+11,2.12E+11,..
GDP (current LCU),NY.GDP.MKTP.CN,Sweden,SWE,3.32E+12,3.41E+12,3.34E+12,3.57E+12,3.73E+12,3.74E+12,3.82E+12,3.99E+12,4.26E+12,4.42E+12,4.63E+12,4.83E+12,5.02E+12,..
GDP (current LCU),NY.GDP.MKTP.CN,Slovenia,SVN,35073456200,37925697700,36254927100,36363909400,37058569500,36253272000,36454332700,37634292000,38852640700,40366558200,42987059900,45754817900,48006595100,..
GDP (current LCU),NY.GDP.MKTP.CN,UK,GBR,1.55E+12,1.59E+12,1.55E+12,1.60E+12,1.66E+12,1.71E+12,1.78E+12,1.86E+12,1.92E+12,2.00E+12,2.07E+12,2.14E+12,2.21E+12,..
,,,,,,,,,,,,,,,,,
,,,,,,,,,,,,,,,,,
,,,,,,,,,,,,,,,,,
Data from database: World Development Indicators,,,,,,,,,,,,,,,,,
Last Updated: 10/15/2020,,,,,,,,,,,,,,,,,